{"mean_score_g1":0.5397340752643269,"accuracy_g1":0.8447233515997878,"mean_score_g2":0.61152513145573,"accuracy_g2":0.6095322676139727}