{"mean_score_g1":0.7586373863231871,"accuracy_g1":0.712983312983313,"mean_score_g2":0.6010037466198334,"accuracy_g2":0.6015065296598027}