{"mean_score_g1":0.7586373863231871,"accuracy_g1":0.7586079911618486,"mean_score_g2":0.7551356816452827,"accuracy_g2":0.7574266267140277}