{"mean_score_g1":0.8384497073619419,"accuracy_g1":0.730701397368064,"mean_score_g2":0.6845746898124186,"accuracy_g2":0.6866377369304458}