{"mean_score_g1":0.8384497073619419,"accuracy_g1":0.8379672251887313,"mean_score_g2":0.8377038158650627,"accuracy_g2":0.8366439783303237}