{"mean_score_g1":0.493442948426195,"accuracy_g1":0.6506514449535413,"mean_score_g2":0.6564062150437124,"accuracy_g2":0.6080295077315931}