{"mean_score_g1":0.5630689549559089,"accuracy_g1":0.6548347180484355,"mean_score_g2":0.6262324115308062,"accuracy_g2":0.62260996761049}