{"mean_score_g1":0.5744986360010575,"accuracy_g1":0.6663860904332273,"mean_score_g2":0.6601257857196139,"accuracy_g2":0.665350346278253}