{"mean_score_g1":0.608235114461363,"accuracy_g1":0.7519530736249572,"mean_score_g2":0.751400431598263,"accuracy_g2":0.7520687397059115}