{"mean_score_g1":0.838211596373682,"accuracy_g1":0.8379409211668464,"mean_score_g2":0.8377037812663435,"accuracy_g2":0.8359692814478201}