{"mean_score_g1":0.5010687951576129,"accuracy_g1":0.6301654522976563,"mean_score_g2":0.6294289024691169,"accuracy_g2":0.6294921913757863}