{"mean_score_g1":0.7858150365562345,"accuracy_g1":0.7864472546223791,"mean_score_g2":0.7858163054485845,"accuracy_g2":0.785197855681738}