{"mean_score_g1":0.8655039983430038,"accuracy_g1":0.8667399079030411,"mean_score_g2":0.8626726237632039,"accuracy_g2":0.8637405657050151}