{"mean_score_g1":0.8155696637654863,"accuracy_g1":0.6373897707231041,"mean_score_g2":0.6631389518151855,"accuracy_g2":0.6670896958283866}