{"mean_score_g1":0.8155696637654863,"accuracy_g1":0.8154509824552174,"mean_score_g2":0.8147141156269821,"accuracy_g2":0.8157879070505825}