{"mean_score_g1":0.6100066367965449,"accuracy_g1":0.6171975695083778,"mean_score_g2":0.6038347213647507,"accuracy_g2":0.6111563113924553}