{"mean_score_g1":0.8505149345800612,"accuracy_g1":0.8496528832893107,"mean_score_g2":0.848203693500369,"accuracy_g2":0.8470938844607463}