{"mean_score_g1":0.5117073963748908,"accuracy_g1":0.48658470731524656,"mean_score_g2":0.5091603409391456,"accuracy_g2":0.44355305133198}