{"mean_score_g1":0.5711189287872966,"accuracy_g1":0.5851157857521655,"mean_score_g2":0.6019084517147367,"accuracy_g2":0.5990840385887926}