{"mean_score_g1":0.551191026374188,"accuracy_g1":0.47441299472217513,"mean_score_g2":0.5515665893277472,"accuracy_g2":0.44340721713551806}