{"mean_score_g1":0.7590541435533001,"accuracy_g1":0.7586079911618486,"mean_score_g2":0.7552145667250831,"accuracy_g2":0.7574266267140277}