{"mean_score_g1":0.8237255714947223,"accuracy_g1":0.8242102217429045,"mean_score_g2":0.8242097894723294,"accuracy_g2":0.8244597463933483}