{"mean_score_g1":0.613279487458144,"accuracy_g1":0.6113054686061499,"mean_score_g2":0.6097272776717444,"accuracy_g2":0.6136963467148215}