{"mean_score_g1":0.8622064079849302,"accuracy_g1":0.8649634183399173,"mean_score_g2":0.8581378818088187,"accuracy_g2":0.8583268674613811}