{"mean_score_g1":0.8138035190592742,"accuracy_g1":0.6352191018857686,"mean_score_g2":0.6582008494497866,"accuracy_g2":0.6594751709174275}