{"mean_score_g1":0.8138035190592742,"accuracy_g1":0.813188836573112,"mean_score_g2":0.8132147178522887,"accuracy_g2":0.8138431925068959}