{"mean_score_g1":0.5432653584990954,"accuracy_g1":0.6597128010853149,"mean_score_g2":0.6475316365186176,"accuracy_g2":0.5811361287315323}