{"mean_score_g1":0.8112039465187412,"accuracy_g1":0.8111897309098561,"mean_score_g2":0.8111893088296901,"accuracy_g2":0.8111840930287937}