{"mean_score_g1":0.5178928342168615,"accuracy_g1":0.5534735725649638,"mean_score_g2":0.577973209379717,"accuracy_g2":0.5705081322049246}