{"mean_score_g1":0.523813708900641,"accuracy_g1":0.6088258632605524,"mean_score_g2":0.5857675643866356,"accuracy_g2":0.5469266157307014}