{"mean_score_g1":0.585597214740894,"accuracy_g1":0.5846331904148144,"mean_score_g2":0.5852115524846655,"accuracy_g2":0.5858551782985733}