{"mean_score_g1":0.6352271213109176,"accuracy_g1":0.6331641107925402,"mean_score_g2":0.6334272134980399,"accuracy_g2":0.6314964379973409}