{"mean_score_g1":0.8879522724141546,"accuracy_g1":0.8888992777167434,"mean_score_g2":0.8860242313237912,"accuracy_g2":0.8853953586795514}