{"mean_score_g1":0.6056203173753623,"accuracy_g1":0.8373885367072625,"mean_score_g2":0.8379406994560112,"accuracy_g2":0.8359494374218641}