{"mean_score_g1":0.5372231183934384,"accuracy_g1":0.6588936954462846,"mean_score_g2":0.6477084231780584,"accuracy_g2":0.6091644204851752}