{"mean_score_g1":0.5769055769757795,"accuracy_g1":0.5775574085277639,"mean_score_g2":0.5714549494920977,"accuracy_g2":0.5728176532454905}