,params,rank_test_accuracy,mean_test_accuracy,rank_test_balanced_accuracy,mean_test_balanced_accuracy,rank_test_f1,mean_test_f1,rank_test_roc_auc,mean_test_roc_auc,rank_test_f1_weighted,mean_test_f1_weighted,rank_test_precision,mean_test_precision,rank_test_recall,mean_test_recall
0,"{'clf__splitter': 'best', 'clf__criterion': 'gini', 'clf__class_weight': None}",6,0.513550939605954,4,0.5437574779007799,4,0.5240928224962725,4,0.5431613238469823,6,0.527843597424446,4,0.5826002971733488,3,0.5381422030994831
1,"{'clf__splitter': 'random', 'clf__criterion': 'gini', 'clf__class_weight': None}",4,0.5146188520788297,6,0.5432324346978602,3,0.5243271887724509,6,0.5426137403493692,2,0.529624157072292,5,0.5824651027007525,6,0.5358736227413387
2,"{'clf__splitter': 'best', 'clf__criterion': 'entropy', 'clf__class_weight': None}",5,0.5142865500461699,3,0.5451453520516378,7,0.5207699436763611,3,0.5445325418315122,5,0.5280672170147293,3,0.583861581313716,7,0.5320343826672703
3,"{'clf__splitter': 'random', 'clf__criterion': 'entropy', 'clf__class_weight': None}",8,0.5106853432284262,7,0.5416861858938742,8,0.5175978111090465,7,0.5410693144110854,8,0.5250227838837004,7,0.581212223479921,8,0.5276995157578049
4,"{'clf__splitter': 'best', 'clf__criterion': 'gini', 'clf__class_weight': 'balanced'}",1,0.518147984810039,1,0.5465841165889926,1,0.5294898273219562,1,0.5459761743885996,1,0.5326697451474056,2,0.584175417100074,1,0.5446006958675889
5,"{'clf__splitter': 'random', 'clf__criterion': 'gini', 'clf__class_weight': 'balanced'}",7,0.512720915674829,8,0.541597827531148,2,0.5247238451758647,8,0.5409803719414669,7,0.5273003062852634,8,0.5799376901127946,2,0.5402450499252356
6,"{'clf__splitter': 'best', 'clf__criterion': 'entropy', 'clf__class_weight': 'balanced'}",2,0.5150577098475214,2,0.5460562425670719,6,0.5237555301644926,2,0.5454390947148123,4,0.5290123525270847,1,0.5846974185315882,4,0.53648508168965
7,"{'clf__splitter': 'random', 'clf__criterion': 'entropy', 'clf__class_weight': 'balanced'}",3,0.51486701634621,5,0.5433712901829221,5,0.5239347056944127,5,0.5427450745740743,3,0.5294186050850502,6,0.581937093099102,5,0.5363225518276699
