{"mean_score_g1":0.548840862869584,"accuracy_g1":0.547478744831555,"mean_score_g2":0.5840080532623464,"accuracy_g2":0.5360152463023574}