{"mean_score_g1":0.518147984810039,"accuracy_g1":0.5349917028966942,"mean_score_g2":0.521484259466743,"accuracy_g2":0.4987330654182376}