{"mean_score_g1":0.5801229472179297,"accuracy_g1":0.5547194948423945,"mean_score_g2":0.519121742159119,"accuracy_g2":0.49722666445705765}