{"mean_score_g1":0.566554396085055,"accuracy_g1":0.5757113645028247,"mean_score_g2":0.4760091419411876,"accuracy_g2":0.5208765696999542}