{"mean_score_g1":0.5685586237986558,"accuracy_g1":0.5561542433475363,"mean_score_g2":0.5496650384855185,"accuracy_g2":0.6190694783941666}