{"mean_score_g1":0.567256475126987,"accuracy_g1":0.5555472343645916,"mean_score_g2":0.5520972117578842,"accuracy_g2":0.6157716369059949}