{"mean_score_g1":0.5223735225186219,"accuracy_g1":0.5699380772005062,"mean_score_g2":0.5501541688176129,"accuracy_g2":0.5160260181464142}