{"mean_score_g1":0.5423644612691949,"accuracy_g1":0.5637655053349783,"mean_score_g2":0.5985709860893685,"accuracy_g2":0.5123635911670879}