{"mean_score_g1":0.5761264384587345,"accuracy_g1":0.6031249177999316,"mean_score_g2":0.5930504320618858,"accuracy_g2":0.5978211259500328}