{"mean_score_g1":0.6156285650335716,"accuracy_g1":0.680169397900939,"mean_score_g2":0.6738300477697596,"accuracy_g2":0.6787649078244994}