,clf__solver,Accuracy
0,svd,0.8112039465187412
1,lsqr,0.8112039465187412
2,eigen,
