{"mean_score_g1":0.8112039465187412,"accuracy_g1":0.6341337674671008,"mean_score_g2":0.6335367016346277,"accuracy_g2":0.6321897899864903}