{"mean_score_g1":0.5399129028020506,"accuracy_g1":0.6608646683902014,"mean_score_g2":0.6792761050829289,"accuracy_g2":0.609873740956164}