{"mean_score_g1":0.8157284096743812,"accuracy_g1":0.8153983744114475,"mean_score_g2":0.8148982154119027,"accuracy_g2":0.8158871271803624}